keywords,,,,,,,,,,,,,,,,,
remote jobs,,,,,,,,,,,,,,,,remote position,online position
remote job,,,,,,,,,,,,,,,,,
work from home,,,,,,,,,,,,,,,,,
working from home,,,,,,,,,,,,,,,,,
wfh,,,,,,,,,,,,,,,,,
work from anywhere,,,,,,,,,,,,,,,,,
telework,,,,,,,,,,,,,,,,,
teleworking,,,,,,,,,,,,,,,,,
distance work,,,,,,,,,,,,,,,,,
distance working,,,,,,,,,,,,,,,,,
mobile work,,,,,,,,,,,,,,,,,
mobile working,,,,,,,,,,,,,,,,,
online work,,,,,,,,,,,,,,,,,
online working,,,,,,,,,,,,,,,,,
online job,,,,,,,,,,,,,,,,,
online jobs,,,,,,,,,,,,,,,,,
remote position,,,,,,,,,,,,,,,,,
online position,,,,,,,,,,,,,,,,,